{
  "hash": "5ba8dbea",
  "configHash": "e77d8f9c",
  "lockfileHash": "bbf52cdb",
  "browserHash": "1a057cb5",
  "optimized": {
    "@angular/common": {
      "src": "../../../../../../node_modules/@angular/common/fesm2022/common.mjs",
      "file": "@angular_common.js",
      "fileHash": "e8290a65",
      "needsInterop": false
    },
    "@angular/common/http": {
      "src": "../../../../../../node_modules/@angular/common/fesm2022/http.mjs",
      "file": "@angular_common_http.js",
      "fileHash": "35d0f473",
      "needsInterop": false
    },
    "@angular/core": {
      "src": "../../../../../../node_modules/@angular/core/fesm2022/core.mjs",
      "file": "@angular_core.js",
      "fileHash": "b26e0c0a",
      "needsInterop": false
    },
    "@angular/forms": {
      "src": "../../../../../../node_modules/@angular/forms/fesm2022/forms.mjs",
      "file": "@angular_forms.js",
      "fileHash": "b85eef50",
      "needsInterop": false
    },
    "@angular/platform-browser": {
      "src": "../../../../../../node_modules/@angular/platform-browser/fesm2022/platform-browser.mjs",
      "file": "@angular_platform-browser.js",
      "fileHash": "2e158e3f",
      "needsInterop": false
    },
    "@angular/router": {
      "src": "../../../../../../node_modules/@angular/router/fesm2022/router.mjs",
      "file": "@angular_router.js",
      "fileHash": "b74484fd",
      "needsInterop": false
    }
  },
  "chunks": {
    "chunk-LJPTBGYC": {
      "file": "chunk-LJPTBGYC.js"
    },
    "chunk-4PZT4FJX": {
      "file": "chunk-4PZT4FJX.js"
    },
    "chunk-WZN72O4X": {
      "file": "chunk-WZN72O4X.js"
    },
    "chunk-DP7Y4572": {
      "file": "chunk-DP7Y4572.js"
    },
    "chunk-NJ4CSD6C": {
      "file": "chunk-NJ4CSD6C.js"
    }
  }
}